CustomerID,FullName
"CUST-1001"," Liam Williams "
" CUST-1002 ","Noah Smith"
"CUST-1003","Oliver Smith"
"CUST-1004","Ava Brown"
"CUST-1005","Noah Williams"
"CUST-1006","Olivia Williams"
"CUST-1007"," Noah Williams "
"CUST-1008","Ava Brown"
"CUST-1009","#N/A"
"CUST-1010","Liam Brown"
"CUST-1011","Emma Williams"
"CUST-1012","Oliver Williams"
"CUST-1013","Ava Smith"
"CUST-1014","Oliver Williams"
"CUST-1015","Ava Brown"
"CUST-1016","Oliver Smith"
"CUST-1017","Liam Smith"
"CUST-1018","Liam Williams"
"CUST-1018","Liam Williams"
"CUST-1020","Liam Williams"
"CUST-1021",""
"CUST-1022","Ava Johnson"
"CUST-1023","Emma Johnson"
"CUST-1024","Emma Brown"
"CUST-1025","Oliver Williams"
"CUST-1026","Emma Smith"
"CUST-1027","Noah Brown"
"","Olivia Johnson"
"CUST-1029","Olivia Brown"
"","Oliver Johnson"
"CUST-1031","Noah Brown"
"CUST-1032","Noah Williams"
"CUST-1032","Noah Williams"
"CUST-1033","Ava Johnson"
"CUST-1035","Olivia Williams"
"CUST-1036","Emma Brown"
" CUST-1037 ","Olivia Johnson"
"CUST-1037","Olivia Johnson"
"CUST-1039","Oliver Brown"
"CUST-1040",""
"CUST-1041","Ava Smith"
"CUST-1042","Emma Williams"
"CUST-1043","Liam Smith"
"CUST-1044","#N/A"
"CUST-1045","Emma Johnson"
"CUST-1046","Olivia Johnson"
"CUST-1047",""
"CUST-1048","Emma Williams"
"CUST-1049","Ava Johnson"
"CUST-1050","Noah Brown"
"CUST-1051","Noah Williams"
"CUST-1052","Noah Williams"
"CUST-1053","Oliver Williams"
"CUST-1053","Oliver Williams"
"CUST-1055","Liam Brown"
"CUST-1056","Liam Brown"
"CUST-1057","Noah Johnson"
"CUST-1058","Noah Brown"
"CUST-1059","Olivia Smith"
"CUST-1060","Emma Johnson"
"CUST-1061","Emma Johnson"
"CUST-1062","Olivia Smith"
"CUST-1063","Ava Brown"
"CUST-1064","Emma Johnson"
"CUST-1065","Olivia Smith"
"CUST-1066","Ava Smith"
"CUST-1067","Noah Johnson"
"CUST-1068","Olivia Smith"
"CUST-1069","Oliver Williams"
"CUST-1069","Oliver Williams"
" CUST-1071 ","Noah Williams"
"CUST-1072","Oliver Johnson"
"CUST-1073","Emma Brown"
"CUST-1074","Emma Williams"
"CUST-1075","Olivia Williams"
"CUST-1076","Ava Brown"
"CUST-1077","Olivia Smith"
"CUST-1078","Ava Williams"
"CUST-1079","Noah Williams"
"CUST-1080","Noah Williams"
"CUST-1081","Ava Brown"
"CUST-1081","Ava Brown"
"CUST-1082","Liam Smith"
"CUST-1084","Liam Williams"
"CUST-1085","Oliver Brown"
"CUST-1086","Oliver Smith"
"CUST-1087","Noah Williams"
"CUST-1088","Emma Brown"
"CUST-1089","Liam Smith"
"","Ava Brown"
"CUST-1091","Liam Johnson"
"CUST-1092","Olivia Williams"
"CUST-1092","Olivia Williams"
"","Emma Smith"
"CUST-1095"," Liam Johnson "
"CUST-1096","Liam Johnson"
"CUST-1097","Liam Williams"
"CUST-1098","Liam Williams"
"CUST-1099","Olivia Williams"
"CUST-1099","Olivia Williams"
"CUST-1101","Noah Johnson"
"CUST-1102","Liam Smith"
"CUST-1102","Liam Smith"
"CUST-1104","Oliver Brown"
"CUST-1105","Noah Williams"
"CUST-1106","Oliver Brown"
"CUST-1107","Emma Johnson"
"CUST-1108","Emma Johnson"
"CUST-1109","Ava Brown"
"CUST-1110","Emma Brown"
"CUST-1111","Emma Williams"
"CUST-1112","Ava Johnson"
"CUST-1113","Noah Smith"
"","Oliver Williams"
"CUST-1114","Oliver Williams"
"CUST-1116","Emma Johnson"
"CUST-1117","Oliver Brown"
"CUST-1118","Oliver Smith"
"CUST-1119","Oliver Williams"
"CUST-1119","Oliver Williams"
"CUST-1121","Oliver Brown"
" CUST-1122 ","Liam Smith"
" CUST-1123 ","Olivia Brown"
"CUST-1124","Oliver Williams"
"CUST-1125","Olivia Johnson"
"CUST-1126","Liam Williams"
"CUST-1127","Liam Smith"
"CUST-1128","Emma Williams"
"CUST-1129","Liam Johnson"
"CUST-1130","Oliver Williams"
" CUST-1131 ","Oliver Johnson"
"CUST-1132","Ava Smith"
"CUST-1133","Emma Smith"
"CUST-1134","Liam Smith"
"CUST-1135","Liam Smith"
"CUST-1136","Ava Johnson"
"CUST-1137","Olivia Johnson"
"CUST-1138",""
"CUST-1139","Emma Brown"
"CUST-1140","Ava Williams"
"CUST-1141"," Liam Johnson "
"CUST-1142","Ava Brown"
"CUST-1143","Ava Johnson"
" CUST-1144 ","Ava Smith"
"CUST-1145","Oliver Williams"
"CUST-1146","Noah Brown"
"CUST-1147","Olivia Johnson"
"CUST-1148","Olivia Smith"
"CUST-1149","Ava Williams"
"CUST-1150","Oliver Smith"
"CUST-1151","Emma Williams"
"CUST-1152"," Emma Williams "
"CUST-1153","Olivia Brown"
"CUST-1154","Liam Williams"
"CUST-1155","Liam Smith"
"CUST-1156","Oliver Smith"
"CUST-1157","Emma Brown"
"CUST-1158","Emma Johnson"
"CUST-1159","Ava Johnson"
"CUST-1160","Emma Smith"
"CUST-1161","Olivia Smith"
"CUST-1162","Emma Smith"
" CUST-1163 ","Ava Smith"
"CUST-1164","Liam Johnson"
"CUST-1165","Emma Johnson"
"CUST-1166","Oliver Brown"
"CUST-1167","Olivia Johnson"
"CUST-1168","Emma Smith"
"CUST-1169","Emma Williams"
"CUST-1170","Ava Williams"
"CUST-1171","Liam Williams"
"CUST-1172","Olivia Smith"
"CUST-1173","Oliver Brown"
"CUST-1174","Emma Brown"
"CUST-1175","Noah Brown"
"CUST-1176","Oliver Brown"
"CUST-1177","Emma Williams"
"CUST-1178","Olivia Williams"
"CUST-1179","Liam Johnson"
"CUST-1180","Emma Smith"
"CUST-1181","Olivia Williams"
"CUST-1182","Noah Williams"
"CUST-1183","Oliver Smith"
"CUST-1184","Ava Smith"
"CUST-1185","Ava Smith"
"CUST-1186","Emma Johnson"
"CUST-1187","Ava Johnson"
"CUST-1188","Ava Johnson"
" CUST-1189 ","Olivia Johnson"
"CUST-1190","Ava Brown"
"CUST-1191","Liam Johnson"
"CUST-1192","Olivia Williams"
"CUST-1193","Oliver Smith"
"CUST-1194","Liam Johnson"
"CUST-1195","Ava Johnson"
"CUST-1196","Oliver Williams"
" CUST-1197 ","Emma Johnson"
"CUST-1198","Ava Smith"
"CUST-1199","Olivia Brown"
"CUST-1200","Oliver Johnson"
"#N/A","Emma Johnson"
"CUST-1202","Emma Brown"
"CUST-1202","Emma Brown"
"CUST-1204","Ava Brown"
"CUST-1205","Olivia Williams"
"CUST-1206","Noah Brown"
"CUST-1207","Olivia Johnson"
"CUST-1208","Olivia Brown"
"CUST-1209","Liam Johnson"
"CUST-1210","Oliver Williams"
"CUST-1211","Liam Brown"
"CUST-1212","Olivia Smith"
"CUST-1213","Ava Smith"
"","Oliver Smith"
"CUST-1215","Liam Brown"
"CUST-1216","Emma Williams"
"CUST-1217","Emma Brown"
"CUST-1218"," Noah Johnson "
"CUST-1219","Emma Johnson"
" CUST-1220 ","Olivia Williams"
"CUST-1221","Ava Johnson"
"CUST-1222","Ava Williams"
"CUST-1223","Ava Williams"
"CUST-1224"," Liam Brown "
"CUST-1225","Olivia Smith"
"CUST-1226","Noah Johnson"
"CUST-1227",""
"CUST-1228","Olivia Brown"
"CUST-1229","Olivia Johnson"
"CUST-1230","Olivia Smith"
"CUST-1231",""
"CUST-1232","Ava Williams"
"CUST-1233","Emma Brown"
"CUST-1234","Liam Williams"
"CUST-1235","Emma Williams"
"CUST-1236","Ava Brown"
"CUST-1237","Noah Williams"
"CUST-1238","Ava Smith"
"CUST-1239","Olivia Williams"
"CUST-1240",""
"CUST-1241","Olivia Brown"
"CUST-1242","Olivia Smith"
"CUST-1243","Liam Williams"
"CUST-1244","Liam Brown"
" CUST-1245 ","Oliver Smith"
"CUST-1246","Oliver Brown"
"CUST-1247","Ava Williams"
"CUST-1248","Oliver Williams"
"CUST-1249","Oliver Williams"
" CUST-1250 ","Emma Williams"
"CUST-1251","Ava Johnson"
"CUST-1252","Liam Smith"
"CUST-1253","Oliver Brown"
"CUST-1254","#N/A"
"CUST-1255","Emma Smith"
"CUST-1256","Emma Brown"
"CUST-1257","Noah Williams"
"CUST-1258","#N/A"
"CUST-1259","Oliver Smith"
"CUST-1260","Liam Johnson"
"CUST-1261","Oliver Johnson"
"CUST-1262","Ava Johnson"
"CUST-1262","Ava Johnson"
"CUST-1264","Oliver Johnson"
"CUST-1265","Olivia Smith"
"CUST-1266","Noah Smith"
"CUST-1267","Liam Johnson"
"CUST-1268","Noah Williams"
"CUST-1269","Liam Brown"
"#N/A","Oliver Johnson"
"CUST-1271","Oliver Johnson"
"CUST-1272","Oliver Smith"
"CUST-1273","Oliver Williams"
"CUST-1274","Oliver Brown"
"CUST-1275","Olivia Smith"
"CUST-1276","Emma Brown"
"CUST-1277"," Ava Brown "
" CUST-1278 ","Noah Johnson"
"CUST-1279","Olivia Brown"
"CUST-1280","Liam Brown"
"CUST-1281","Oliver Williams"
"CUST-1282","Liam Smith"
"CUST-1283"," Ava Williams "
"CUST-1284","Olivia Brown"
"CUST-1285","Olivia Williams"
"CUST-1285","Olivia Williams"
"CUST-1287","Noah Williams"
"CUST-1288","Emma Brown"
"CUST-1289","Oliver Smith"
"CUST-1290","Ava Brown"
"CUST-1291","Oliver Brown"
"CUST-1292","Ava Williams"
"CUST-1293","Oliver Brown"
"CUST-1294","Noah Smith"
" CUST-1295 ","Emma Brown"
"CUST-1295","Emma Brown"
"CUST-1297","Oliver Smith"
"CUST-1298","Ava Williams"
"CUST-1299","Liam Smith"
"CUST-1300","Noah Brown"
"CUST-1301","Emma Johnson"
"CUST-1302","Noah Williams"
"CUST-1303"," Emma Johnson "
"CUST-1304","Emma Johnson"
"CUST-1305"," Liam Johnson "
"CUST-1306","Oliver Smith"
"CUST-1307","Ava Smith"
"CUST-1308","Liam Brown"
"CUST-1309","Liam Smith"
"CUST-1310","Olivia Brown"
"CUST-1311","Oliver Brown"
"CUST-1312"," Oliver Johnson "
"CUST-1313","Noah Brown"
"CUST-1313","Noah Brown"
"CUST-1315","Noah Smith"
"CUST-1316","Emma Smith"
"CUST-1317","Noah Johnson"
"#N/A","Liam Williams"
"CUST-1319","Liam Williams"
"CUST-1320","Liam Brown"
"CUST-1321","Noah Williams"
"CUST-1322","Liam Johnson"
"CUST-1323","Oliver Johnson"
"CUST-1324","Noah Williams"
"CUST-1325"," Ava Williams "
"CUST-1326","Liam Smith"
"CUST-1326","Liam Smith"
"CUST-1328","Emma Smith"
"","Ava Williams"
"CUST-1330","Ava Williams"
"CUST-1331","Ava Brown"
"CUST-1332","Olivia Johnson"
"CUST-1333","Liam Smith"
"CUST-1334","Ava Johnson"
"CUST-1335","Emma Williams"
"CUST-1336",""
"CUST-1337","Olivia Williams"
"CUST-1338","Emma Smith"
"","Emma Johnson"
"CUST-1340","Liam Brown"
"CUST-1341"," Liam Smith "
"CUST-1342"," Emma Brown "
"CUST-1343","Liam Brown"
"CUST-1344","Oliver Brown"
"CUST-1345","Olivia Brown"
"CUST-1346","Liam Smith"
"CUST-1347","Ava Williams"
"CUST-1348","Olivia Brown"
"CUST-1349"," Noah Williams "
"CUST-1350"," Olivia Johnson "
"CUST-1351","Noah Williams"
"CUST-1352","Oliver Johnson"
"CUST-1353","Liam Johnson"
" CUST-1354 "," Ava Williams "
" CUST-1355 ","Noah Brown"
"CUST-1356","Noah Williams"
"CUST-1357","Emma Brown"
"CUST-1358","Ava Johnson"
"CUST-1358","Ava Johnson"
"CUST-1360","Ava Smith"
"CUST-1361","Liam Johnson"
"CUST-1361","Liam Johnson"
"CUST-1363","Emma Williams"
"CUST-1364","Noah Johnson"
"CUST-1365","Olivia Williams"
"CUST-1366","Oliver Williams"
"CUST-1367"," Liam Williams "
"CUST-1368","Noah Smith"
"CUST-1369","Olivia Williams"
"CUST-1370","Emma Williams"
"CUST-1371","Emma Brown"
"CUST-1372","Noah Smith"
"","Liam Brown"
"CUST-1374","Emma Williams"
"CUST-1375","Ava Williams"
"CUST-1376","Ava Brown"
" CUST-1377 ","Olivia Smith"
"CUST-1378","Oliver Johnson"
"CUST-1379","Emma Brown"
" CUST-1380 ",""
"","Oliver Williams"
"CUST-1382","Oliver Brown"
"","Ava Smith"
"CUST-1384","Ava Smith"
"CUST-1385","Ava Johnson"
"CUST-1386","Ava Williams"
" CUST-1387 ","#N/A"
"CUST-1388","Noah Williams"
"CUST-1388","Noah Williams"
"CUST-1390","Olivia Williams"
"CUST-1391","Oliver Johnson"
"CUST-1392"," Noah Smith "
"CUST-1393","Liam Smith"
"CUST-1394","Olivia Johnson"
"CUST-1395"," Ava Johnson "
"CUST-1396","Liam Johnson"
"CUST-1397","Noah Brown"
"CUST-1398","Olivia Johnson"
"CUST-1399","Noah Brown"
"CUST-1400","Olivia Brown"